id,guid,current_path,target_path,start_time,received_bytes,total_bytes,state,danger_type,interrupt_reason,hash,end_time,opened,last_access_time,transient,referrer,site_url,tab_url,tab_referrer_url,http_method,by_ext_id,by_ext_name,etag,last_modified,mime_type,original_mime_type
1,7cb80f27-e7f5-4d89-bbee-d13d33f924d7,,F:\5_Downloads\macOS High Sierra Final by Techsviewer.vmdk,13197598546018182,0,64624197632,2,4,40,,0,0,0,0,,,http://192.168.200.14:8080/macOS%20High%20Sierra%20Final%20by%20Techsviewer.vmdk,,,,,E7895630155C1D9F678939D7EA3E14BA,"Wed, 20 Mar 2019 17:30:46 GMT",application/octet-stream,application/octet-stream
2,32e3963a-6f71-4aad-8c45-de14ad6825f0,F:\5_Downloads\sample.txt,F:\5_Downloads\sample.txt,13197609031854888,460,460,1,0,0,,13197609032131750,1,13197609333353008,0,https://www.freelancer.com/dashboard,,https://www.freelancer.com/dashboard,https://www.freelancer.com/dashboard/,,,,"""08fc3ddab6a3baa63fa1541ab5ce704b""","Wed, 20 Mar 2019 10:30:20 GMT",text/plain,text/plain
3,3bb8de83-855d-464a-8585-6e3907b20157,F:\5_Downloads\Alert.jpg,F:\5_Downloads\Alert.jpg,13197609052637808,200485,200485,1,0,0,,13197609054239544,1,13197609229456544,0,https://www.freelancer.com/dashboard,,https://www.freelancer.com/dashboard,https://www.freelancer.com/dashboard/,,,,"""d4cc343007fa9559f274bdb82c811a4e""","Wed, 20 Mar 2019 10:31:36 GMT",image/jpeg,image/jpeg
4,5db4edf9-ab05-4690-a914-cd403e8116ec,F:\5_Downloads\DTM.jpg,F:\5_Downloads\DTM.jpg,13197609105740186,304506,304506,1,0,0,,13197609107350198,1,13197609169448888,0,https://www.freelancer.com/dashboard,,https://www.freelancer.com/dashboard,https://www.freelancer.com/dashboard/,,,,"""8179893eb04c5e98c2b128e77a891602""","Wed, 20 Mar 2019 10:31:44 GMT",image/jpeg,image/jpeg
5,c5133939-0393-4d92-b0ed-f6089c85cca2,F:\5_Downloads\STOCHRSIHANEW.txt,F:\5_Downloads\STOCHRSIHANEW.txt,13197609546085854,1904,1904,1,0,0,,13197609546452610,1,13197609547729272,0,https://www.freelancer.com/messages/thread/119241335,,https://www.freelancer.com/messages/thread/119241335,https://www.freelancer.com/dashboard,,,,"""5cb5ce031a7d99d7e821c195989bc70c""","Wed, 20 Mar 2019 09:24:24 GMT",text/plain,text/plain
6,717f7d3d-8449-4c34-81ce-e47a276178bf,F:\5_Downloads\Needs Document of Onliners.docx,F:\5_Downloads\Needs Document of Onliners.docx,13197623580545704,4807367,4807367,1,4,0,,13197623616347556,0,0,0,https://www.freelancer.com/projects/php/looking-for-full-stack-developer-18998781/?w=f,,https://www.freelancer.com/projects/php/looking-for-full-stack-developer-18998781/?w=f,https://www.freelancer.com/projects/php/looking-for-full-stack-developer-18998781/?w=f,,,,"""2e8285eea33526a75ae1d25346a352f9""","Wed, 20 Mar 2019 14:33:43 GMT",application/vnd.openxmlformats-officedocument.wordprocessingml.document,application/vnd.openxmlformats-officedocument.wordprocessingml.document
7,eaa1fd53-ccd7-4951-93bf-d84e4d3234d1,F:\5_Downloads\Immagine.png,F:\5_Downloads\Immagine.png,13197626212391874,16200,16200,1,0,0,,13197626212506768,1,13197626223648868,0,https://www.freelancer.com/projects/graphic-design/create-logo-18999337/?w=f,,https://www.freelancer.com/projects/graphic-design/create-logo-18999337/?w=f,https://www.freelancer.com/projects/graphic-design/create-logo-18999337/?w=f,,,,"""f12ec386b57c42eca90754b033026fd3""","Wed, 20 Mar 2019 15:17:29 GMT",image/png,image/png
8,e1d51450-dd7f-4536-bb74-123c2c4338dc,F:\5_Downloads\C. Contact Page .psd,F:\5_Downloads\C. Contact Page .psd,13197628453672348,11616286,11616286,1,4,0,,13197628491225996,1,13197628496049466,0,https://drive.google.com/drive/my-drive,,https://drive.google.com/drive/my-drive,,,,,,,application/photoshop,application/photoshop
9,5a75e369-934a-44b6-ac76-47cb07d5a8d0,F:\5_Downloads\Requirements1.xlsx,F:\5_Downloads\Requirements1.xlsx,13197641430574208,11970,11970,1,4,0,,13197641431351960,1,13197641436352342,0,https://www.freelancer.com/projects/php/uber-driver-user-app-new/?w=f,,https://www.freelancer.com/projects/php/uber-driver-user-app-new/?w=f#placebid,https://www.freelancer.com/projects/php/uber-driver-user-app-new/?w=f,,,,"""13caed27dcb501e1fe2cdd1de6d128b0""","Wed, 20 Mar 2019 19:19:50 GMT",application/vnd.openxmlformats-officedocument.spreadsheetml.sheet,application/vnd.openxmlformats-officedocument.spreadsheetml.sheet
10,2eb7c61e-91bc-4666-b0a6-8f41efa13312,F:\5_Downloads\Safari_1.2.dmg,F:\5_Downloads\Safari_1.2.dmg,13197670095570028,7371721,7371721,1,4,0,,13197670112699966,0,0,0,https://support.apple.com/kb/DL612?viewlocale=en_US&locale=en_US,,https://support.apple.com/kb/DL612?viewlocale=en_US&locale=en_US,https://support.apple.com/downloads/safari-for-windows,,,,"""16abf80d0463f81382ddd6adbce3e656:1313424549""","Tue, 20 Mar 2007 22:11:03 GMT",application/octet-stream,application/octet-stream
11,7b0de380-71ea-413a-a8b4-a8209ba5e455,F:\5_Downloads\Safari_1.2 (1).dmg,F:\5_Downloads\Safari_1.2 (1).dmg,13197670450182520,7371721,7371721,1,4,0,,13197670450766104,0,0,0,https://support.apple.com/downloads/safari,,https://download.info.apple.com/Mac_OS_X/061-0973.20040202.FrA2s/Safari_1.2.dmg,https://support.apple.com/downloads/safari,,,,"""16abf80d0463f81382ddd6adbce3e656:1313424549""","Tue, 20 Mar 2007 22:11:03 GMT",application/octet-stream,application/octet-stream
12,617680b1-2cfe-4c7e-b554-cec48ebc3e30,F:\5_Downloads\Kitchen-App-Akkilna-ff40476d68874a3d95f740622c6f4ba8-signed.apk,F:\5_Downloads\Kitchen-App-Akkilna-ff40476d68874a3d95f740622c6f4ba8-signed.apk,13197708657203840,21213789,21213789,1,4,0,,13197708757088786,0,0,0,,,https://expo.io/artifacts/cc6e8aac-b3db-4ee5-a3ee-06fd0cad5413,,,,,"""6c40efe64f481e384e6df67b34829d4d-5""","Thu, 21 Mar 2019 14:10:16 GMT",application/octet-stream,application/octet-stream
13,d73f71f0-3f9a-4cf4-b774-25090e311481,F:\5_Downloads\Kitchen-App-Akkilna-95c76d9acaaa487e9755b8c552cab36b-signed.apk,F:\5_Downloads\Kitchen-App-Akkilna-95c76d9acaaa487e9755b8c552cab36b-signed.apk,13197710273222104,21213717,21213717,1,4,0,,13197710411494524,0,0,0,,,https://expo.io/artifacts/013457a3-64e4-4340-aac9-c2b1e0134708,,,,,"""96bb70d1b162dd2869c60d48dab3c1fe-5""","Thu, 21 Mar 2019 14:36:25 GMT",application/octet-stream,application/octet-stream
14,5df2fcfc-3b86-401a-9dd2-d61f3491f363,F:\5_Downloads\Kitchen-App-Akkilna-036b0fd3bf5c4b4291899628722dff13-signed.apk,F:\5_Downloads\Kitchen-App-Akkilna-036b0fd3bf5c4b4291899628722dff13-signed.apk,13197711801027336,21290693,21290693,1,4,0,,13197711896315884,0,0,0,,,https://expo.io/artifacts/89ee894d-0ac9-4d81-89d3-d1649500b9c1,,,,,"""ee2d835d742778d566fc7f43af71121c-5""","Thu, 21 Mar 2019 15:02:21 GMT",application/octet-stream,application/octet-stream
22,5aed19d2-7f83-471a-ad95-c078d764517f,F:\5_Downloads\Individual Options.png,F:\5_Downloads\Individual Options.png,13197723494477064,630524,630524,1,0,0,,13197723525648576,1,13197723535584240,0,https://www.freelancer.com/projects/mobile-phone/React-Native-Developer-Needed-Expo/?w=f,,https://www.freelancer.com/projects/mobile-phone/React-Native-Developer-Needed-Expo/?w=f,https://www.freelancer.com/projects/mobile-phone/React-Native-Developer-Needed-Expo/?w=f,,,,"""cff587ebee2217d7ed90c0ee8b8a76c1""","Thu, 21 Mar 2019 18:18:14 GMT",image/png,image/png
23,eb43bfb6-3812-4e87-b17d-1fc29a7e80de,F:\0_DevTools\Web_DevTools\Libs\jquery\jquery-3.3.1.min.js,F:\0_DevTools\Web_DevTools\Libs\jquery\jquery-3.3.1.min.js,13197774818893428,1,1,1,0,0,,13197774818953430,0,0,0,,,,,,,,,,text/html,text/html
24,40cc8fde-7143-4340-b9a7-8cd12d310b5d,F:\0_DevTools\Web_DevTools\Libs\jquery\jquery-3.3.1.js,F:\0_DevTools\Web_DevTools\Libs\jquery\jquery-3.3.1.js,13197774822845168,1,1,1,0,0,,13197774822876104,0,0,0,,,,,,,,,,text/html,text/html
25,6e18b45b-56cb-4628-8987-dc3ddfaf0d7a,F:\5_Downloads\images.jfif,F:\5_Downloads\images.jfif,13197863633917642,6036,6036,1,4,0,,13197863638784952,1,13197865127401968,0,https://www.google.com/,https://google.com/,https://www.google.com/search?sa=G&hl=en-RU&q=boy&tbm=isch&source=iu&ictx=1&tbs=simg:CAEStAIJXl63FC3c2hIaqAILEKjU2AQaCAgXCD0IFQgGDAsQsIynCBpiCmAIAxIo6hrnGtgayBroGtUa7hrpGrIa1xr9L7wl-C_16L_1sv6TH8L6Q7gjD2Lxowz_1sp98ojdG3pND50o1_15-Kn4qNWYL0FPbExYAApdwooSpGvh3DdrDC26vXdwaLbIIAQMCxCOrv4IGgoKCAgBEgS0gE6WDAsQne3BCRqPAQoWCgNib3napYj2AwsKCS9tLzAxYmw3dgoVCgNtYW7apYj2AwoKCC9tLzA0eXg0ChgKBWh1bWFu2qWI9gMLCgkvbS8wZGd3OXIKJwoUcG9ydHJhaXQgcGhvdG9ncmFwaHnapYj2AwsKCS9tLzBjaG1sOQobCghib3dsIGN1dNqliPYDCwoJL20vMDNfMDNxDA&fir=sWdoGQPWjFtX8M%253A%252CP1KH-XDSuDtxQM%252C_&vet=1&usg=AI4_-kTy4f_DvFF9LaKhyyatZTffS0nrOg&ved=2ahUKEwj5gqHi9ZfhAhUBwsQBHf8QDVIQ9QEwAnoECAIQBA#imgdii=mJfgl2S6GLgFAM:&imgrc=GGoD8bLFzQhlVM:&vet=1,https://www.google.com/search?sa=G&hl=en-RU&q=boy&tbm=isch&source=iu&ictx=1&tbs=simg:CAEStAIJXl63FC3c2hIaqAILEKjU2AQaCAgXCD0IFQgGDAsQsIynCBpiCmAIAxIo6hrnGtgayBroGtUa7hrpGrIa1xr9L7wl-C_16L_1sv6TH8L6Q7gjD2Lxowz_1sp98ojdG3pND50o1_15-Kn4qNWYL0FPbExYAApdwooSpGvh3DdrDC26vXdwaLbIIAQMCxCOrv4IGgoKCAgBEgS0gE6WDAsQne3BCRqPAQoWCgNib3napYj2AwsKCS9tLzAxYmw3dgoVCgNtYW7apYj2AwoKCC9tLzA0eXg0ChgKBWh1bWFu2qWI9gMLCgkvbS8wZGd3OXIKJwoUcG9ydHJhaXQgcGhvdG9ncmFwaHnapYj2AwsKCS9tLzBjaG1sOQobCghib3dsIGN1dNqliPYDCwoJL20vMDNfMDNxDA&fir=sWdoGQPWjFtX8M%253A%252CP1KH-XDSuDtxQM%252C_&vet=1&usg=AI4_-kTy4f_DvFF9LaKhyyatZTffS0nrOg&ved=2ahUKEwj5gqHi9ZfhAhUBwsQBHf8QDVIQ9QEwAnoECAIQBA#imgrc=GGoD8bLFzQhlVM:&vet=1,,,,,"Mon, 22 Jan 2018 18:10:19 GMT",image/jpeg,image/jpeg
26,3f8233be-c5a9-439f-9a2b-7655e8def382,F:\5_Downloads\FileZilla_Server-0_9_60_2.exe,F:\5_Downloads\FileZilla_Server-0_9_60_2.exe,13198014960461028,2241216,2241216,1,4,0,,13198014964645316,0,0,0,https://filezilla-project.org/download.php?type=server,,https://filezilla-project.org/download.php?type=server,,,,,"""589b1a80-2232c0""","Wed, 08 Feb 2017 13:17:52 GMT",application/octet-stream,application/octet-stream
